nombre,dni,correo,telefono,direccion
María Murillo Bonilla,86643393,fcardenas@example.net,384 60 01,"Cr. 3ª # 1-24, 059264, Urrao, Antioquia"
John Yair López,36407871,jairozapata@example.org,57 602 376 86 12,"Cl. 58 # 17-3, Bodega 798, 527829, Nariño, Nariño"
Liseth Juliana Rojas Arias,93482913,maria52@example.org,6031261138,"Avenida calle 83 # 5-57 Este, Apto. 9, 130595, San Jacinto del Cauca, Bolívar"
Adrián Oswaldo Cifuentes Cifuentes,55161156,tburbano@example.net,+57 300 759 84 94,"Cl. 60 # 28-1 Este, 255154, Soacha, Cundinamarca"
Liliana Danna Morales Arenas,48365880,gloria66@example.org,+57 327 140 34 90,"Carrera 95 # 8-2 Este, Casa 67, 689414, San Vicente de Chucurí, Santander"
Jhoan Naranjo,20071539,pazpablo@example.com,3079736599,"Carrera 38 # 81-24 Sur, Casa 95, 193415, Puracé, Cauca"
Wilson Eduardo Bolaños,77379069,lduarte@example.net,6188681,"Cr. 114G Bis # 3C-10 Este, 504526, Cumaral, Meta"
Ana Herrera Lara,46477883,valenciajose@example.com,+57 329 542 19 31,"Diagonal 17H # 84-47, 504679, Cumaral, Meta"
María Mercedes Domínguez Bonilla,74310217,jesus52@example.org,3167715605,"Carrera 77B # 11-3, 769822, Yotoco, Valle del Cauca"
Rocío Carmen Barbosa Guzmán,92895167,elkin35@example.org,(+57)3002599846,"Av. Zuluaga # 9-8 Este, 257228, Nocaima, Cundinamarca"
Alfonso Hernando Ramos Rincón,69471379,lilianamorales@example.net,+57 323 817 14 91,"Calle 134 Sur # 3C-20 Sur, Torre 2 apartamento 1, 412785, Agrado, Huila"
Yasmín Moreno,45825263,suarezsofia@example.com,+573120495163,"Carrera 46A # 70-15 Este, 418643, Palestina, Huila"
Susana Esperanza Cruz,81279541,santiago91@example.net,576094807036,"Avenida calle 8ª # 7-6 Sur, Bodega 932, 276545, Unión Panamericana, Chocó"
Socorro Estela Torres Rangel,26580465,montesjuana@example.org,305 209 94 67,"Carrera 41 # 9-82 Este, Apartamento 589, 730310, Carmen de Apicalá, Tolima"
Albeiro Ferney Padilla,10732511,trujillocarmen@example.com,3060778329,"Calle 6B # 35-70, 233734, Tuchín, Córdoba"
Giovanni Gómez Quintero,54418384,dmarin@example.net,(+57) 608 596 33 78,"Cr. 199 # 29-25 Este, 250776, Pasca, Cundinamarca"
Elvira Emilse Ospina,84763601,monsalvepatricia@example.net,(+57)3040306228,"Dg. 94 # 88-56, Torre 2 apartamento 116, 474860, Cerro de San Antonio, Magdalena"
Magnolia Gómez,34291145,ccastellanos@example.com,57 609 405 42 29,"Cr. 140 # 6-32 Este, Apto. 9, 505691, Cubarral, Meta"
Leidy Amaya Silva,51714999,gomezgustavo@example.com,57 317 436 40 47,"Cl. 179K # 7-50, Oficina 331, 156059, Cuítiva, Boyacá"
Fernando Bustos Torres,36629322,anameneses@example.net,+57 314 803 23 37,"Cl. 6 Bis D # 46-9 Sur, Torre 1 apartamento 70, 054089, Sabanalarga, Antioquia"
Gloria María Mora,74058684,johanna19@example.com,(+57)3239288366,"Carrera 21 # 7-90, Local 88, 522827, La Florida, Nariño"
Rodolfo Torres,97837850,fcamacho@example.net,576046949865,"Cr. 45 # 66-29, Bodega 600, 192669, Sotará Paispamba, Cauca"
Efrain Molina,47481421,velandiapatricia@example.org,57 315 552 52 19,"Cl. 80 # 7-23, Apto. 84, 057794, Uramita, Antioquia"
Liliana Yohana Pardo Andrade,35234286,evelio73@example.com,306 793 82 73,"Avenida Quindío # 1H-28, Local 79, 158682, Duitama, Boyacá"
María Julieth Zapata González,52183655,hernandezfernando@example.net,573099665718,"Cr. 35D Este # 73K-18, 682001, Gámbita, Santander"
José Martín Rodríguez Rodríguez,71141483,carlos75@example.org,327 109 62 21,"Calle 32 # 4-9 Sur, 417246, Agrado, Huila"
Martha Parra,65777082,mejiayurany@example.org,573187156462,"Tr. 43 # 4B-19 Este, 153968, El Espino, Boyacá"
Sandra María Mejía,11399536,cordobamoises@example.net,318 652 69 47,"Cl. 3D # 20H-41, 052883, Nariño, Antioquia"
Reinel Torres,65792664,maria92@example.com,(+57)6034735573,"Diagonal 83 # 6-57 Sur, Casa 1, 059431, San José de la Montaña, Antioquia"
Henry Carlos Morales,18405836,javiercamargo@example.org,+57 315 032 85 68,"Cr. 37 Bis G # 1-46 Este, Apartamento 16, 252199, Pasca, Cundinamarca"
Julieth María Parra López,33634633,maria34@example.org,(+57) 326 003 46 55,"Cl. 73D Bis # 58B-3 Sur, 274299, El Litoral del San Juan, Chocó"
Jorge Jiménez Rincón,55675827,xacosta@example.net,573056997377,"Cl. 33H Bis V # 1J-65 Este, Bodega 22, 200604, Agustín Codazzi, Cesar"
Manuel Cardona Sánchez,33722293,marinelena@example.net,3161516123,"Calle 8Q # 10G-45, 138764, Villanueva, Bolívar"
Yamile Luz Medina,50890422,amparo06@example.com,576036269565,"Cr. 1ª # 9-6 Este, 183274, San José del Fragua, Caquetá"
Diego Zuluaga,62518750,anderson42@example.org,57 608 803 92 65,"Calle 2ª # 94-9 Este, 185651, Albania, Caquetá"
Luz Yadira Ávila Hernández,23777293,santiago20@example.net,(+57) 311 332 41 53,"Carrera 32 # 43-61 Este, Oficina 91, 684457, Charta, Santander"
Miryam Consuelo Ardila Vargas,72608402,bcruz@example.net,(+57)6025620328,"Cr. 7V Bis O # 5M-79 Este, Oficina 203, 259281, Granada, Cundinamarca"
Katherine Ramírez García,59405477,liliana47@example.com,(+57)6018795311,"Avenida calle 187 # 88-76 Este, Local 21, 059355, Fredonia, Antioquia"
Luis Javier Castillo Barreto,55655128,lopezjulian@example.org,+573056057685,"Carrera 178 # 32-8 Sur, Apartamento 864, 520206, Córdoba, Nariño"
David Montoya,21901036,rosaortiz@example.org,3082189496,"Dg. 62 # 32-34 Este, Etapa 3 apartamento 618, 548612, Cucutilla, Norte de Santander"
Diana Cecilia Ramírez,44020112,alexander25@example.net,573212204275,"Tr. 93W # 40-5 Sur, Oficina 8, 761306, Caicedonia, Valle del Cauca"
Julio Fernando Ospina,88438386,gperdomo@example.net,303 676 04 51,"Avenida carrera 2ª # 7-76 Este, Torre 6 apartamento 128, 273338, El Carmen de Atrato, Chocó"
Blanca Deisy Campo,84470344,mlozano@example.net,+57 324 622 17 66,"Diagonal 65 # 3-22 Este, Casa 3, 139253, El Peñón, Bolívar"
Ibeth Miryam Díaz Uribe,58841302,arrietaelizabeth@example.net,3138694598,"Cl. 97 # 8-3 Sur, Bodega 6, 056067, La Pintada, Antioquia"
Socorro Aguirre,10122195,cruzroberto@example.net,576052635431,"Cl. 66 # 6-24 Sur, 209462, Manaure Balcón del Cesar, Cesar"
Andrés Luis Herrera,67368422,eromero@example.net,57 324 931 36 17,"Calle 15 # 8-64 Sur, 548349, Hacarí, Norte de Santander"
Juan Manuel Villamizar,88134841,leidy68@example.net,573232771336,"Carrera 180 # 90-58, Bodega 60, 910358, Tarapacá, Amazonas"
Liliana María Córdoba Rangel,82097239,hernandezana@example.com,57 606 545 61 40,"Calle 7J Este # 9-4, Apto. 21, 255884, Chía, Cundinamarca"
Isabel Molina,26194675,gagudelo@example.net,604 437 65 83,"Cr. 20 # 67-3, 769242, Obando, Valle del Cauca"
Sonia Quintero,27432670,mendozaalonso@example.com,(+57) 329 055 04 40,"Diagonal 16 # 1E-5 Sur, Local 138, 971928, Pacoa, Vaupés"
Juan Mario López,34411693,josesaavedra@example.net,(+57)6039803054,"Calle 123L # 19-55 Este, 972289, Taraira, Vaupés"
Isabel López,87450661,victoriabecerra@example.com,+576022887293,"Carrera 184M # 2-79 Este, 703898, San Luis de Sincé, Sucre"
Liliana Erazo Rueda,69929772,suarezdario@example.net,3074070995,"Av. Mendoza # 1-69 Sur, 766279, Bugalagrande, Valle del Cauca"
Juan Vega Vallejo,57897090,angulojudith@example.net,576021356498,"Avenida calle 158 # 53-9 Este, Apartamento 606, 685141, Sabana de Torres, Santander"
Javier Vásquez Vera,67376723,mariaherrera@example.com,+57 304 139 56 40,"Cl. 164 # 66-3, Bodega 55, 682356, San José de Miranda, Santander"
María María Flórez,91764427,hugocontreras@example.net,315 018 04 34,"Cl. 77 # 18E-5, 257507, El Rosal, Cundinamarca"
Tatiana Romero,31276550,xrodriguez@example.org,(+57) 319 074 84 91,"Calle 8ª # 75-9, 278439, Acandí, Chocó"
Enrique José Vargas,29340541,felipemoreno@example.org,573213433999,"Tr. 69 # 66-71 Este, 730299, Saldaña, Tolima"
Felipe Adrián Gómez,36953911,camachoalejandro@example.org,3089616674,"Diagonal 70 # 25-37 Este, Local 50, 853911, Recetor, Casanare"
María Luz Salazar,78239691,nietojose@example.net,3237140315,"Cl. 93 # 74-7, Etapa 6 apartamento 956, 154631, Gachantivá, Boyacá"
Viviana Lozano,13016589,beatrizforero@example.net,6078077480,"Carrera 7ª # 4-20 Sur, 997952, Santa Rosalía, Vichada"
Flor Liliana Saavedra Escobar,26999655,helenagutierrez@example.org,(+57)3126575587,"Calle 7K # 6-76 Este, Etapa 9 apartamento 61, 055589, Campamento, Antioquia"
Augusto González,35117730,jose19@example.com,(+57)3124794062,"Dg. 93 # 58-3, Oficina 276, 411740, Palermo, Huila"
Beatriz Sonia Ruiz Alzate,23368847,zgiraldo@example.net,3234749064,"Av. calle 136 # 1-65, 945863, Cacahual, Guainía"
Iván Villa Valencia,66293841,ucarvajal@example.org,320 967 06 73,"Avenida calle 6ª # 84-65 Sur, 501075, Mapiripán, Meta"
Alberto Nel Soto,53249790,rene18@example.com,573147238218,"Cr. 9ª # 79-27 Este, Bodega 28, 258824, Bojacá, Cundinamarca"
Ana Esperanza Rodríguez,25038568,luzgarcia@example.com,+573089285052,"Cl. 77 # 38U-44 Sur, 956314, El Retorno, Guaviare"
Victoria Villegas Mendoza,60299216,maria40@example.com,7146187,"Tr. 143 # 6-6 Sur, 526121, Imués, Nariño"
Yadira Restrepo Álvarez,89973482,nhernandez@example.org,607 921 37 02,"Cr. 154 # 4G-71, Casa 7, 852443, Tauramena, Casanare"
Natalia Leonor Muñoz,13276023,carolina57@example.com,(+57)6065680429,"Cl. 91 # 2-13 Este, 200029, San Martín, Cesar"
Paola Rojas Bermúdez,95684367,isabel39@example.net,6013127155,"Diagonal 193 # 2-2 Sur, Oficina 77, 735077, Honda, Tolima"
Daniel Díaz Hernández,15549895,ricardo17@example.net,57 603 752 48 18,"Transversal 37F # 39-95, 056423, Anorí, Antioquia"
Gladys María Lozano,15010990,hector77@example.com,57 301 135 51 44,"Cr. 151 Sur # 36-16 Sur, 197103, Popayán"
Alexander Luis Flórez,96665711,bettycaceres@example.net,3175799038,"Transversal 80 # 12-8, 767765, Caicedonia, Valle del Cauca"
Judith Pérez Medina,66853386,aldemar05@example.org,+576049211873,"Cr. 13 Sur # 3-4 Sur, Bodega 188, 761935, Zarzal, Valle del Cauca"
Mary Contreras Osorio,30535953,omeneses@example.com,605 460 48 91,"Calle 31R Bis X # 75-4 Sur, Bodega 77, 761299, Andalucía, Valle del Cauca"
Lucía Sandra Meza Ramírez,43365013,fernandezcarolina@example.com,57 328 861 99 28,"Calle 39 # 56C-25 Sur, Torre 7 apartamento 42, 154809, Belén, Boyacá"
Alirio Fernando Cano Maldonado,92209039,vmunoz@example.org,301 990 16 33,"Avenida Perdomo # 9-85, Apartamento 18, 769214, Roldanillo, Valle del Cauca"
Diana Díaz Garcés,32959126,sperez@example.org,+573254498203,"Cl. 45W # 9M-9, 150638, Tutazá, Boyacá"
Antonio García Salazar,64011627,frankgomez@example.org,57 606 825 55 83,"Carrera 102 # 77-2 Este, Torre 9 apartamento 40, 688489, Guadalupe, Santander"
Carmen María Ramírez,22631130,ramirezkarina@example.net,57 301 643 37 19,"Cl. 52 # 6-2 Sur, 543337, Sardinata, Norte de Santander"
Nelson Marín,84730855,ortegaelena@example.net,576059494916,"Av. carrera 88 # 8-1 Sur, 196636, Padilla, Cauca"
Lida Margarita Maldonado Sánchez,52126174,tovaresther@example.org,7216160,"Carrera 6ª # 5I-47, 418271, Palestina, Huila"
María Pérez,62748575,tospino@example.com,312 925 43 79,"Avenida calle 6ª # 3-4 Sur, 056032, Carolina, Antioquia"
Víctor Alexander Reyes Correa,97680981,mespinosa@example.org,+573180539996,"Cr. 110 # 19-2 Sur, 178465, Marmato, Caldas"
Estela Quiroga Beltrán,82619906,simonhernandez@example.org,(+57) 309 880 65 59,"Cr. 155 # 37-5 Sur, Oficina 11, 477821, Sabanas de San Ángel, Magdalena"
Mariana Durán,33461058,fernandochacon@example.com,01 8004 681 876,"Cr. 23 # 24I-40 Este, 200125, La Jagua de Ibirico, Cesar"
José González,75963539,monsalveedison@example.org,+57 322 234 90 28,"Calle 134W # 97I-3 Sur, Etapa 6 apartamento 25, 052550, Cañasgordas, Antioquia"
Alfonso Alvarado,34183954,tduran@example.net,+57 303 058 49 36,"Cl. 68 # 2C-11, Oficina 400, 522978, Buesaco, Nariño"
Andrea Martha Pinzón,41111350,maria86@example.org,3014660561,"Carrera 64 # 3-92 Sur, Etapa 6 apartamento 18, 682013, Cabrera, Santander"
Nury Morales,25428932,henaolibia@example.com,573063435257,"Avenida carrera 51 # 32-2, Local 18, 853018, La Salina, Casanare"
Josefina Gutiérrez,97260442,amunoz@example.com,901 19 92,"Diagonal 75M Bis U # 93-71 Este, Casa 8, 546534, El Tarra, Norte de Santander"
Isabel Ana Gómez Camacho,26321731,elizabeth96@example.com,3270046658,"Carrera 120 # 6-4 Sur, Bodega 32, 150675, El Espino, Boyacá"
Mario Carlos Ruiz Olaya,82144294,manuelcastillo@example.org,308 061 58 21,"Calle 4ª # 19-67 Sur, Oficina 9, 668311, Apía, Risaralda"
José Zapata Cabrera,77276702,yohana04@example.com,573147067221,"Cl. 57 # 4-46 Sur, 529852, Imués, Nariño"
Paola Garcés Paz,71014041,jose65@example.com,303 797 51 84,"Diagonal 52 # 85J-33 Sur, Casa 13, 158899, Paipa, Boyacá"
José Javier Serna,40174968,gdelgado@example.com,576039434214,"Cr. 32W Bis # 55-92 Este, 866183, Puerto Leguízamo, Putumayo"
Adela Herrera,32868839,patricia69@example.org,(+57)3143340645,"Calle 19 # 9-82 Este, 733384, Melgar, Tolima"
Olga Gloria Rodríguez,91091681,vgutierrez@example.net,+573126934497,"Carrera 46 # 83-8 Sur, Casa 55, 500078, Acacías, Meta"
Carmen Paula Quiroga Díaz,74835007,alexander76@example.net,+57 303 437 40 15,"Avenida carrera 158 # 7-69 Este, 058007, Remedios, Antioquia"
Isabel Shirley Rincón González,56275217,iguevara@example.net,(+57) 322 951 06 01,"Cr. 47 # 2-4 Sur, Apartamento 77, 417384, La Argentina, Huila"
Armando Miguel Angulo Bejarano,78269510,maritza47@example.net,3244385021,"Cr. 62 Bis # 2-86, Oficina 955, 549611, Pamplonita, Norte de Santander"
Alexis Suárez,79509891,wospina@example.org,(+57)3216920319,"Cl. 1B # 43-3 Sur, 056764, Hispania, Antioquia"
María Monsalve,12432681,arleymiranda@example.net,57 311 399 70 64,"Cr. 54 # 30-26, 683798, San Miguel, Santander"
Milton Ronal Gaviria Camargo,23137465,yamid35@example.net,+573030014206,"Cl. 65 # 3C-32 Sur, 544062, Chinácota, Norte de Santander"
Armando Meza Peña,12681289,flozano@example.net,+57 313 265 65 49,"Cl. 98 # 19-89 Este, Apto. 14, 052643, San Rafael, Antioquia"
Humberto Juan Alvarado,86290669,maria29@example.net,576095545160,"Calle 101 # 35F-2 Este, 059191, Jardín, Antioquia"
Sandra Zuluaga,98746387,facevedo@example.org,3284408180,"Cr. 117 # 5-6 Este, Torre 2 apartamento 26, 050281, Támesis, Antioquia"
Clemencia Lida Burbano,14799093,gilalexander@example.org,573293690452,"Cr. 40 # 9-13 Este, 665118, Pereira"
Jaime Esteban Quiroz Camargo,59985406,eperez@example.org,323 724 37 65,"Cr. 59 Bis # 59-6, Bodega 6, 734625, Carmen de Apicalá, Tolima"
Ángela Mora Hernández,83991220,hurtadoisabel@example.net,3064080666,"Av. calle 186 # 7-94 Sur, Apartamento 29, 500626, Puerto López, Meta"
Ángel González Ramírez,72397171,tatiana32@example.com,(+57)3171030453,"Cr. 17 # 81R-1, Apartamento 43, 254602, Cogua, Cundinamarca"
Lizeth Adriana Núñez Serna,30062565,licethrodriguez@example.org,+57 303 779 77 01,"Cr. 4ª # 15-1 Sur, 526194, Linares, Nariño"
Mario Jorge Quintero Fonseca,29520610,rojashernando@example.net,+573102203382,"Carrera 94 # 1-4 Este, 855386, Sabanalarga, Casanare"
Carolina Tatiana Rodríguez Guevara,30798860,toromarleny@example.org,+57 607 422 91 43,"Calle 77 # 4-4 Sur, Casa 28, 687503, Suaita, Santander"
Claudia Caballero Castrillón,71492547,alexandra65@example.com,(+57) 304 873 28 49,"Carrera 42 # 13-1 Este, Etapa 8 apartamento 64, 051857, Santa Bárbara, Antioquia"
Yenny Chávez,99564725,cesarrivera@example.net,57 323 482 11 85,"Cr. 136 Este # 43-7 Sur, 500076, Cumaral, Meta"
Magnolia Rojas Arango,66597258,martinramirez@example.com,(+57) 326 003 85 20,"Cr. 60 # 1-4 Este, 252902, Sutatausa, Cundinamarca"
Pablo Córdoba Castro,80041064,espinosadaniel@example.net,3202552553,"Avenida calle 6ª # 1S-72 Sur, Apto. 113, 413903, Aipe, Huila"
Santiago Villa,93827156,marcelamartinez@example.com,397 64 02,"Cr. 33 # 79-6, Torre 4 apartamento 469, 136591, Margarita, Bolívar"
Aura Gómez Lozano,16668995,fernandaperez@example.org,+57 323 758 86 50,"Avenida Cucutilla # 67F-8, 549474, Los Patios, Norte de Santander"
Enrique Ruiz,20181260,andrea54@example.com,01 8001 339 465,"Cl. 100 # 9-60, Apartamento 557, 527234, Ipiales, Nariño"
Katherin Díaz Aguilar,46649048,icaceres@example.com,+576026889433,"Cr. 77 Bis # 32-21, Apartamento 90, 540158, Gramalote, Norte de Santander"
Eliecer Giraldo,68029074,leonardocastaneda@example.net,(+57)3049426058,"Carrera 5ª # 30-8 Este, 134211, San Jacinto, Bolívar"
María Ramírez,97244104,ugarcia@example.net,602 292 89 66,"Cr. 91I Bis S # 34T-7 Sur, Apto. 50, 521716, Ipiales, Nariño"
José Jaime Gil,99211665,judithospino@example.com,+57 308 704 63 42,"Calle 35 Este # 73B-4 Este, 057714, Giraldo, Antioquia"
Leidy Edna Palacio Jiménez,34009739,veramargarita@example.net,+57 327 160 56 74,"Carrera 157 # 7-7, Etapa 5 apartamento 79, 257067, Sasaima, Cundinamarca"
Carmen Gutiérrez Camacho,35991595,scaro@example.net,+57 318 236 52 65,"Cl. 35 # 27-99, Etapa 4 apartamento 8, 527700, Providencia, Nariño"
Carol Paulina Olaya Montoya,68808696,ricardoacosta@example.net,(+57) 601 138 62 12,"Av. Giraldo # 7-6 Este, 631957, Montenegro, Quindío"
Cecilia Ximena Lara,45210583,mmanrique@example.org,265 41 48,"Avenida calle 51 # 6-8 Sur, 410658, Aipe, Huila"
Isabel Guerrero,99564338,pbernal@example.org,573037389428,"Carrera 23 # 6O-70 Sur, 139430, San Jacinto del Cauca, Bolívar"
Deyanira Tatiana González,35387917,riosmaria@example.org,576031052258,"Avenida calle 3ª # 6-26 Este, Bodega 55, 181827, Belén de los Andaquíes, Caquetá"
Catalina Lorena Acosta Romero,16119376,julio50@example.net,3232605176,"Cl. 140I Bis C # 61-99 Sur, Oficina 5, 954583, El Retorno, Guaviare"
Juan Cristian Contreras Cardona,76902331,hsolano@example.com,308 088 96 69,"Av. Piendamó - Tunía # 5-18, Casa 5, 416471, Yaguará, Huila"
Ricardo Granados Velásquez,26362753,docampo@example.org,6033310439,"Calle 24D # 44-22 Este, 055444, Gómez Plata, Antioquia"
Rocío María Rodríguez,31315598,kvelez@example.net,+57 607 918 15 13,"Cr. 54 # 2H-1 Sur, 151505, Iza, Boyacá"
Jader Niño Cifuentes,67892242,perezdavid@example.org,(+57)3256718629,"Transversal 4Q # 7Q-2, Local 9, 253002, Carmen de Carupa, Cundinamarca"
Jorge Bautista López,20061917,gilelena@example.com,6036796364,"Carrera 39 Bis R # 42-4 Sur, Apto. 40, 134838, San Estanislao, Bolívar"
Julián Torres Beltrán,10137686,carlosceballos@example.org,01 8003 124 982,"Calle 74 # 6-26 Sur, Apto. 119, 736052, Ibagué"
Marina Bonilla Villamizar,65579910,yulivelasquez@example.org,(+57) 607 664 21 11,"Avenida carrera 151 # 97-13, 950484, Miraflores, Guaviare"
Reinel Uribe Díaz,37778331,giraldomarina@example.com,313 125 17 96,"Av. Casanare # 28-6, Etapa 3 apartamento 94, 257079, San Cayetano, Cundinamarca"
Fredy Armando Márquez,20999861,maldonadonubia@example.net,605 275 03 59,"Avenida calle 5ª # 6-2, 176390, Villamaría, Caldas"
Jhon Alirio Mejía,71863301,mariacamargo@example.net,573220438714,"Av. Juan Pardo Muñoz # 91-79, 542285, Ragonvalia, Norte de Santander"
Fabián Velandia,60600644,nelson67@example.com,01 8002 296 133,"Cl. 146X Este # 36-96 Sur, 524019, Leiva, Nariño"
Diana Ana Jiménez Medina,98482739,operez@example.net,(+57)6088773342,"Cr. 54 # 3-21, 685787, Floridablanca, Santander"
Emilia Duarte,94832895,josemartinez@example.com,573237652507,"Calle 112W Bis # 6-4, 732995, San Antonio, Tolima"
María Carolina Ramírez,21195514,jorge41@example.com,573178146391,"Avenida Chocó # 56N-5 Sur, Casa 80, 152381, San Pablo de Borbur, Boyacá"
Enrique Óscar Carrillo,66227567,blanca15@example.net,576054848781,"Carrera 28I # 6-25 Sur, Torre 4 apartamento 338, 766241, Caicedonia, Valle del Cauca"
Albeiro César Sánchez,55507668,alix39@example.com,+57 325 175 47 43,"Cl. 7ª # 96-84 Sur, Local 899, 867578, San Francisco, Putumayo"
Martha Diana Ramos Ortega,23460381,lilian74@example.com,(+57)3109469664,"Tr. 21N # 87-84 Sur, Torre 4 apartamento 1, 130971, Montecristo, Bolívar"
Erika Yaneth Pérez Castro,58823521,operdomo@example.com,+576062327736,"Cr. 90 # 73-4 Este, Casa 17, 520501, Tangua, Nariño"
Janeth María López Cuéllar,93447506,angela34@example.net,+573172426140,"Calle 42 # 9-3 Este, 765460, Candelaria, Valle del Cauca"
Fernando Jesús Martínez Mosquera,86791654,tcontreras@example.net,(+57) 317 410 37 64,"Avenida Méndez # 6-1 Este, Torre 4 apartamento 8, 410410, Guadalupe, Huila"
Luz Marcela Castillo Mora,13156342,karenramos@example.com,310 258 17 45,"Carrera 30 # 48-65 Sur, Casa 88, 152345, Mongua, Boyacá"
Inés Franco Ruiz,43797016,javierbeltran@example.net,3145857571,"Avenida carrera 198 # 9-94 Este, Torre 8 apartamento 46, 056569, Turbo, Antioquia"
Dairo Martínez,17438471,hbenavides@example.org,57 317 501 81 60,"Cr. 93 # 6-3 Este, 159258, Macanal, Boyacá"
Óscar Óscar García Córdoba,15935427,wendycamacho@example.org,603 410 92 03,"Calle 5A # 9-44, 153591, Otanche, Boyacá"
Hugo Pérez,57915208,rubiopatricia@example.net,57 304 671 99 67,"Carrera 69 # 3-66, 138778, Cartagena de Indias"
Antonio Eder Vallejo Rojas,13837714,tgiraldo@example.org,573045115015,"Avenida Flandes # 31-2 Este, Torre 8 apartamento 36, 259141, Paratebueno, Cundinamarca"
Eduard Andrés Peña Reyes,29259677,hgiraldo@example.net,(+57) 315 510 51 22,"Carrera 45 # 6U-4 Sur, 685342, Landázuri, Santander"
Yésica Ligia Burbano Ospina,95538878,jaime76@example.net,(+57) 329 592 79 89,"Calle 161G Este # 29-66 Sur, 689797, San Miguel, Santander"
Adriana Luz Rincón Galvis,27095795,johanazambrano@example.com,+57 602 956 47 02,"Carrera 11 # 9-7, Casa 7, 178200, Viterbo, Caldas"
Dario Fernando Castro,38795522,martagalindo@example.org,01 8003 390 015,"Cl. 83 # 66-4, Local 9, 080349, Soledad, Atlántico"
Ernesto Vera,55352223,grojas@example.org,305 961 54 10,"Av. Diana Milena Valencia # 81-54 Este, Apto. 111, 762692, Vijes, Valle del Cauca"
María Martínez Sandoval,19861222,csierra@example.com,573277924309,"Cl. 136M # 4-52, 130158, El Carmen de Bolívar, Bolívar"
Giovanny Rodríguez Hernández,89299617,carlosrojas@example.com,018008283339,"Calle 124Q # 27-4 Sur, 055965, Ciudad Bolívar, Antioquia"
Germán Enrique Ramos Benítez,74998656,ferneyarango@example.org,57 309 826 56 97,"Avenida carrera 173 # 3-34 Este, Etapa 3 apartamento 71, 199452, El Tambo, Cauca"
Ángela Zapata,65898368,cindy90@example.com,+573190318295,"Carrera 6M # 3-4 Sur, 080011, Piojó, Atlántico"
Helena Camacho,26519733,mariaarboleda@example.com,+573088016491,"Cl. 120P # 8-5 Este, 732167, Ataco, Tolima"
Paola Granados González,42260919,bquiroz@example.net,(+57) 302 820 34 60,"Calle 57 Bis # 2-36 Este, 762773, Palmira, Valle del Cauca"
Antonio Forero Maldonado,12135713,vjimenez@example.net,(+57)3097328804,"Calle 98 Sur # 1-81 Este, 057776, Betania, Antioquia"
Nury Mercedes Ramírez Castro,47569650,segundo15@example.net,(+57)3044475143,"Av. carrera 187 # 2-47 Este, 085596, Malambo, Atlántico"
Carmen Silva Guevara,41176245,wmartinez@example.net,57 309 875 50 00,"Av. carrera 3ª # 23-25 Este, 410551, Tesalia, Huila"
Sebastián Morales Rincón,31970661,mariaarias@example.net,1683106,"Carrera 49 # 14-6, 152916, Nuevo Colón, Boyacá"
Johanna García Ojeda,12792718,lpena@example.net,+57 313 181 93 37,"Cr. 119 # 6-3 Este, 731728, Cajamarca, Tolima"
Edith Sindy Romero Restrepo,97369573,ingridcastillo@example.org,6029333369,"Carrera 9F Sur # 45-17 Este, 135234, Zambrano, Bolívar"
Javier Valencia,97156431,iluna@example.com,+573119094788,"Tr. 8K Sur # 6-95, Torre 1 apartamento 89, 854912, Sácama, Casanare"
Juan Osvaldo Benavides,89430882,wpatino@example.net,573161941514,"Av. Fonseca # 37-5, Casa 42, 057525, Anorí, Antioquia"
Rocío Osorio Duarte,53704792,carmen77@example.net,57 314 276 78 72,"Carrera 47 # 9-44 Sur, 470377, San Zenón, Magdalena"
Luz Cortés Murcia,69151856,luciabernal@example.com,318 602 25 22,"Carrera 117 Este # 85Y-8, Casa 3, 053025, Copacabana, Antioquia"
Edison Quintero Vergara,32139126,ordonezcecilia@example.net,(+57)3299653465,"Transversal 140 Bis # 7W-29 Sur, 682585, Confines, Santander"
Marcela Rosa Suárez Vega,20125417,ariaschristian@example.com,+573120954878,"Carrera 7ª # 78-48 Este, Bodega 3, 689097, Contratación, Santander"
María Tatiana Gaviria,97828449,hector49@example.org,57 318 468 30 19,"Cl. 9ª # 7-7 Sur, 479229, Puebloviejo, Magdalena"
Andrea Martha Montes Henao,65010411,andres06@example.net,573161996749,"Avenida Chinchiná # 8-5 Este, 151002, Tibaná, Boyacá"
Anderson Carlos Muñoz Moreno,78695221,harold64@example.org,609 517 67 29,"Cr. 49 # 4-28 Sur, Local 2, 705617, San Juan de Betulia, Sucre"
Enrique Andrés Castillo Miranda,39888824,ugutierrez@example.org,(+57) 328 933 71 26,"Cl. 22 # 36K-14 Sur, 680137, El Peñón, Santander"
María Agudelo Ospino,93787444,acevedoantonio@example.com,57 320 568 61 02,"Dg. 5D Este # 2-7, 130322, Clemencia, Bolívar"
Alexandra Angie Puentes Bermúdez,63868588,kmora@example.com,573189047093,"Cr. 40 # 44-4 Sur, 505853, Mesetas, Meta"
Saúl David Arias,36446170,adelagonzalez@example.org,+57 309 124 43 71,"Cl. 18M # 87-43, Oficina 185, 509375, San Carlos de Guaroa, Meta"
Juan Andrés García Franco,27591000,isuarez@example.com,57 323 681 37 57,"Av. carrera 7ª # 8-7 Sur, 112869, Bogotá, D.C."
Daniel Vera Arias,46617853,martinezmonica@example.org,018003941462,"Cr. 4J # 9-33, Apto. 17, 159093, Santa Rosa de Viterbo, Boyacá"
Leonardo Castañeda Velasco,20180914,mariarios@example.org,+576046825084,"Cl. 31 # 3-62 Sur, 682582, Villanueva, Santander"
Brayan Hernando Muñoz Ruiz,54095054,rafaeldiaz@example.com,018006829984,"Avenida calle 9ª # 40-2 Sur, Torre 3 apartamento 837, 053357, San Rafael, Antioquia"
Juan Jonathan Delgado,47436381,miguel32@example.net,573168903852,"Avenida calle 56 # 26-6, Apto. 90, 528358, Aldana, Nariño"
Luz Esperanza Ramírez,91582182,mesapaola@example.net,312 066 12 79,"Av. carrera 120 # 3-9, 238389, Los Córdobas, Córdoba"
Gloria Cristina Caro Orozco,71577858,luzbolivar@example.org,310 335 10 66,"Carrera 2ª # 48-98 Este, Oficina 885, 543184, Labateca, Norte de Santander"
Mónica Vargas Martínez,80383553,franco76@example.net,3260242489,"Calle 5ª # 80-39 Este, 258602, Choachí, Cundinamarca"
Ángela Patricia Ordóñez Cardona,59361242,cardonayeny@example.org,(+57)3235020040,"Cr. 9ª # 51-1 Sur, Oficina 32, 412130, Palestina, Huila"
Patricia Inés Salamanca,62892188,luzardila@example.net,57 309 327 75 19,"Avenida calle 166 # 75-35 Sur, Apto. 9, 080783, Juan de Acosta, Atlántico"
Alexandra Aguilar,78362687,mariamunoz@example.org,317 983 68 00,"Carrera 98 # 3-4, 085670, Palmar de Varela, Atlántico"
