nombre_original,nombre_pseudo,dni_hash,correo_masked,telefono_masked,direccion_masked
María Murillo Bonilla,USR-424f82ecef,1cb09f7f359555db5d170ef5a16cb252d4aa93f00d20e10e225045183b7c2eeb,f*******s@example.net,***6001,"Cr. 3ª # 1...,"
John Yair López,USR-022067bc9a,4d428b0a6057289c45d526e3a5bc4f9c53bf45b6cb490e0e6e25053410d31942,j*********a@example.org,********8612,"Cl. 58 # 1...,"
Liseth Juliana Rojas Arias,USR-e9f81f80ba,893db27d6d7c4772ad23f5a69120484b98c7232206e4c652cb7b605ddb1f56e4,m*****2@example.org,******1138,"Avenida ca...,"
Adrián Oswaldo Cifuentes Cifuentes,USR-3ff8d35b89,702b415d58e72b048bdb707fc14fe10aa15fe2a7778181db8c7182faeb9037dd,t******o@example.net,********8494,"Cl. 60 # 2...,"
Liliana Danna Morales Arenas,USR-2b3232c9b4,8f9296b933f45da991d4266dffae62662b5ab7fa7e65f14c5cd7f45fbb1c2296,g******6@example.org,********3490,"Carrera 95...,"
Jhoan Naranjo,USR-c775b5ca3f,38f33db2540d8c5d3ecaac7b34e1c85bb49dc85d57cbb8d954d10a47c9e28605,p******o@example.com,******6599,"Carrera 38...,"
Wilson Eduardo Bolaños,USR-d46e3eaffb,7a4c7e5fc247c13a8e93ecab27496e28d5cf6d4d4d7e6910d9b31742f6b0c537,l*****e@example.net,***8681,"Cr. 114G B...,"
Ana Herrera Lara,USR-2f2b699891,950496ab6a6da9ccf2cd84e4bfec361f54709ffc1ac8e47f67b55147cefa1a70,v**********e@example.com,********1931,"Diagonal 1...,"
María Mercedes Domínguez Bonilla,USR-c9c1f78983,ce808fb73c35f6f1222509a670a6213a93f36d55ca3fcacd4f4c8c08566809b2,j*****2@example.org,******5605,"Carrera 77...,"
Rocío Carmen Barbosa Guzmán,USR-9278daafe0,89f0f6b6a18b55404b808834b2aac9c10429402dcb886ff1217686f1d879c878,e*****5@example.org,********9846,"Av. Zuluag...,"
Alfonso Hernando Ramos Rincón,USR-20663f74b6,55430218c2d720aed3375a0059e0feaeb62aa825f85d6e125e740865a2cceb10,l************s@example.net,********1491,"Calle 134 ...,"
Yasmín Moreno,USR-53af3c75fc,e677651cd95ff9b3c81db958d2309b8b5a648b8aa27537f6ec4e9f5aecd6055a,s*********a@example.com,********5163,"Carrera 46...,"
Susana Esperanza Cruz,USR-634caaa78c,2503d0a8c9c62c1a100d26ce3716250c050e21a574e82a33b04fe67834113c56,s********1@example.net,********7036,"Avenida ca...,"
Socorro Estela Torres Rangel,USR-e16087db45,e3993116b8c6601c1c3f5eaeef7778468687c16a386628d3c680fcdce63c6c10,m*********a@example.org,******9467,"Carrera 41...,"
Albeiro Ferney Padilla,USR-99a7afe640,c6015bf6f145effedb84e780e19f95abd5b6fe7d3604a00cdebeca96bab41d81,t************n@example.com,******8329,"Calle 6B #...,"
Giovanni Gómez Quintero,USR-4e5b0eac2b,d261f38bb04ac41f2471c862617abcec8e55f9ce11197e004a319b6496306d55,d****n@example.net,********3378,"Cr. 199 # ...,"
Elvira Emilse Ospina,USR-c1b1d9f777,4b368fbad358879beab86fee2d695bb5c47834b70e8392ffd9024b450128f23a,m**************a@example.net,********6228,"Dg. 94 # 8...,"
Magnolia Gómez,USR-f72558a78f,be5a812d729df944381ce159fec71477ea72c5ddddacdf36c46fd3cf39429f49,c**********s@example.com,********4229,"Cr. 140 # ...,"
Leidy Amaya Silva,USR-2106a28a10,ae4cd1d90a6aa118827e95af0ed7029525af6016a7e7d632d4c91ea8c3efd250,g**********o@example.com,********4047,"Cl. 179K #...,"
Fernando Bustos Torres,USR-344cb56448,3804770291a4112134ef6f3923999a1c6cf5ac227de54c563e88e6a692dba130,a********s@example.net,********2337,"Cl. 6 Bis ...,"
Gloria María Mora,USR-d3c4f3eae1,05ae705f7701357b9446afe4a0ee79fe0d0f41c3bd7367ff18e8e1e17db14af6,j*******9@example.com,********8366,"Carrera 21...,"
Rodolfo Torres,USR-8a67eee7a7,fc0d89884576b486cb10da590ff7120a3f4ba679128e7c2f16e33d5c286c5066,f******o@example.net,********9865,"Cr. 45 # 6...,"
Efrain Molina,USR-8a56f060f7,f8c24510f4279bd9b335b521cbf4318a4fad0242273e4b09ff5b77399e2c7de4,v**************a@example.org,********5219,"Cl. 80 # 7...,"
Liliana Yohana Pardo Andrade,USR-302ef96dd8,0dabedaf2a1d6bda4e1be85bb3c7eb1d46bd082872b599225ddfdb4d18105179,e******3@example.com,******8273,"Avenida Qu...,"
María Julieth Zapata González,USR-e3ad04fb45,809d5e7a5618ffc72380d290e0c53ee9ff7d969bd21b178dd72c7ec3a9db2b0b,h***************o@example.net,********5718,"Cr. 35D Es...,"
José Martín Rodríguez Rodríguez,USR-24fd0ae208,575fbec95de2e67531407fd187212a98004bc0bff252814f199b5ba9b4197dbc,c******5@example.org,******6221,"Calle 32 #...,"
Martha Parra,USR-b26669467e,7a49c673e9685e1a369e8f4c99f753d5dd229a08ffb6fd1dcdced0ff8bf98549,m*********y@example.org,********6462,"Tr. 43 # 4...,"
Sandra María Mejía,USR-95bab28e2d,5fb2d1670d596b3aee99512dff92ef014cd14ce32f1d1dee15914efa673394a1,c***********s@example.net,******6947,"Cl. 3D # 2...,"
Reinel Torres,USR-33858f3f76,09c7e2ca38fa28a73f7081769de3cca4cbad8740cdf641eb52ccb50f3dc93b99,m*****2@example.com,********5573,"Diagonal 8...,"
Henry Carlos Morales,USR-d104830253,f82aafd0a4ed2c2324c26b72102ddcde45e1fe9196ee1833330cbef673c3542e,j***********o@example.org,********8568,"Cr. 37 Bis...,"
Julieth María Parra López,USR-d05891fde1,9530f3e83dcd9838f0b9e3ab55346849897faacd34e912bde4109934ba9e8d0f,m*****4@example.org,********4655,"Cl. 73D Bi...,"
Jorge Jiménez Rincón,USR-40b828e023,af8a8921904835776f2f889d578ad31ef394417d42926e8bf25539ca7eb3c52b,x*****a@example.net,********7377,"Cl. 33H Bi...,"
Manuel Cardona Sánchez,USR-ea55020d78,dd5512c9d306bfb1a878abb0ee5a35db1c152e110122bf4b790e7958395f1b3c,m********a@example.net,******6123,"Calle 8Q #...,"
Yamile Luz Medina,USR-ffd7acf00b,0df74a6fdcc16e5998699dbe49d24d8d9a7135d28f5b489a976096d558a65f7f,a******6@example.com,********9565,"Cr. 1ª # 9...,"
Diego Zuluaga,USR-a74abdcc44,7e37f2ff96c71fd651cac1047a28de0347ac29959d8e897ff075052dbc5e8806,a********2@example.org,********9265,"Calle 2ª #...,"
Luz Yadira Ávila Hernández,USR-afb218ff1e,6086d174bd4d7587e70673a8636104ec9bd91ace3de83cf94f7b3cee8adcbd4d,s********0@example.net,********4153,"Carrera 32...,"
Miryam Consuelo Ardila Vargas,USR-5d3873fcfa,754a322bf62e641906dbb117acb768a02f9b31ba74d2674539ac470ad6dd0b0e,b***z@example.net,********0328,"Cr. 7V Bis...,"
Katherine Ramírez García,USR-1001e81b56,5a2fdafb7c6810bcf4e15808f19acd3d6b9b3935fd1c929050c3db8baad255e5,l*******7@example.com,********5311,"Avenida ca...,"
Luis Javier Castillo Barreto,USR-7ac33ef701,3d33446d7a8624f393c18cd0cbf5c5d39f7d132f3e57bdb16ea041e7118c9adc,l*********n@example.org,********7685,"Carrera 17...,"
David Montoya,USR-fb0b72279c,ffa770202d5201ad13c672625d3ae911491dfc1b9c3b681b30254bc1b8f4229a,r*******z@example.org,******9496,"Dg. 62 # 3...,"
Diana Cecilia Ramírez,USR-69e943b1b5,fb7e7147cc6bd0f044259b070bd9fb30d84e6eb64b2503dbc73935cece7a3fa1,a*********5@example.net,********4275,"Tr. 93W # ...,"
Julio Fernando Ospina,USR-c227e83721,36ebec9da13765035880867a32aeb27c5391be681de11ba2e6d0d13e345ab85d,g******o@example.net,******0451,"Avenida ca...,"
Blanca Deisy Campo,USR-a4c350cb57,38d041096aa6a200bda7bbc26898ad233400b5575fee6cef4bbd87523242bc57,m*****o@example.net,********1766,"Diagonal 6...,"
Ibeth Miryam Díaz Uribe,USR-c59281174d,265753ae7288bbfc50ed9d2661968ea581203c70e4c5efed8392660df3b17ce5,a**************h@example.net,******4598,"Cl. 97 # 8...,"
Socorro Aguirre,USR-a4200c42db,57c45ed0939a0d61eaa316f8c98d684d55b0ad58e9fc8d0453e99e494ad61a2b,c*********o@example.net,********5431,"Cl. 66 # 6...,"
Andrés Luis Herrera,USR-d4f6b07246,6cbb7d5107959d00db620e85993212eeb9e25a84e97d4064364039b39a3eb115,e*****o@example.net,********3617,"Calle 15 #...,"
Juan Manuel Villamizar,USR-a2b071a697,7ef2ffbfba83d3da40a13dddc9dfb2b16f63c2b5df432590e40182106b52be67,l*****8@example.net,********1336,"Carrera 18...,"
Liliana María Córdoba Rangel,USR-f658707ba5,62b7b449329eb57b2fb222417e196d7e47146d50a8590d4504461fc00f8a2079,h**********a@example.com,********6140,"Calle 7J E...,"
Isabel Molina,USR-f2b5b0edfd,3f7588377c4df04cd00a1c40a83d6c14aab8fa651e2f472297837b58427e47be,g******o@example.net,******6583,"Cr. 20 # 6...,"
Sonia Quintero,USR-9fa5855c02,87bf69abfe82c4883578c78acd9bdbae42af8788abd2ca0ad538d6deb2441d22,m***********o@example.com,********0440,"Diagonal 1...,"
Juan Mario López,USR-1955c67fc5,a0191a3985551773e93b8f795606622f0b8f59fb09c0203af2f0620940c1b817,j**********a@example.net,********3054,"Calle 123L...,"
Isabel López,USR-0463879f19,ded9d2bee812999aceeb10875b802e9a1e5abc7eecedcb4989ca1259f26a9db2,v*************a@example.com,********7293,"Carrera 18...,"
Liliana Erazo Rueda,USR-c411265e56,8b83ecd8e92e367f0bc8ce57c924b89de38321f79e39536ba25b4b44d3227bc5,s*********o@example.net,******0995,"Av. Mendoz...,"
Juan Vega Vallejo,USR-3d3a4f7b5c,1ef7aa656a553ac81ea58e9010c19601b090df27ee5f0038a36ef73c050fa287,a**********h@example.net,********6498,"Avenida ca...,"
Javier Vásquez Vera,USR-3a4b4f2b14,459987121a484d4c2cf5cb0c241d1d7b5bcdeba532d5bb8d46164828694a1c86,m**********a@example.com,********5640,"Cl. 164 # ...,"
María María Flórez,USR-61a99d57a6,657bcafc839aa0a2d8540bc29641fa2934c9b182bdfb9e4c1564544d5cf9cd8e,h***********s@example.net,******0434,"Cl. 77 # 1...,"
Tatiana Romero,USR-30bc27bda5,8e467d6c9462550f7be2cf9884a19b0998b913c3fd9f3d6561349fe7fb2c7f36,x********z@example.org,********8491,"Calle 8ª #...,"
Enrique José Vargas,USR-8a0cf3bb5d,d053879308150c203b054c99fde03e46e7cfb5da8142c3ba7361f05ba58d96fc,f**********o@example.org,********3999,"Tr. 69 # 6...,"
Felipe Adrián Gómez,USR-0aa5d19f11,2ffc245574efb235c42b71150a906bc23ecd5d6c0b96b5d0c7b1efa7cb9e6047,c**************o@example.org,******6674,"Diagonal 7...,"
María Luz Salazar,USR-909a702fc3,4ad99983d2fd98ab7bbe1b19b07885cc3bd6003c8bf1a143a8f61b71526d97ce,n*******e@example.net,******0315,"Cl. 93 # 7...,"
Viviana Lozano,USR-1f6b2ce5a1,1540f6d4efbc9e9b8b45f92bdd5273af556d77c974c48a4da87e37f515074894,b***********o@example.net,******7480,"Carrera 7ª...,"
Flor Liliana Saavedra Escobar,USR-8812b2b5cc,ec814fea50cbac1bb8beb3604f81e39b3a2dfbcfb827f171c1fc00ea23b1797b,h*************z@example.org,********5587,"Calle 7K #...,"
Augusto González,USR-128b088688,2c829f16facc1983c2c86943100c71e569739397930d61d807554ff39deec73e,j****9@example.com,********4062,"Dg. 93 # 5...,"
Beatriz Sonia Ruiz Alzate,USR-2683d46405,4c0f6e7ba937b188ccba0215fd5fce439a01e2b3276e5b00c641df5fae210690,z******o@example.net,******9064,"Av. calle ...,"
Iván Villa Valencia,USR-400d9f257e,eed78c170e23da416d91264e56044a9e91f300a455baa7152940737644bd0e9e,u*******l@example.org,******0673,"Avenida ca...,"
Alberto Nel Soto,USR-94591f19d5,5f14d12f9f9c65fa4710f9f55dc6c7208298a72f9c9d4a478840cc105813c29f,r****8@example.com,********8218,"Cr. 9ª # 7...,"
Ana Esperanza Rodríguez,USR-a0205db80a,49655eb2468f54e054c9d43306ad53876557f255d25119aad57e3887709ac02d,l*******a@example.com,********5052,"Cl. 77 # 3...,"
Victoria Villegas Mendoza,USR-4f26ce3cca,550f822a2fad4a9cd63c4d0a09016b0c8c7ed051dec628a0141d78fb49344e23,m*****0@example.com,***6187,"Tr. 143 # ...,"
Yadira Restrepo Álvarez,USR-62b98b2f80,c58abc04255ed81bfb2c11d126180c6ed336c26a982d489f243c11c939dc289f,n********z@example.org,******3702,"Cr. 154 # ...,"
Natalia Leonor Muñoz,USR-b730d1d29e,81a8cf11b271e77496d8a296453008f9b1c70529777411f9c3c9546f21104265,c********7@example.com,********0429,"Cl. 91 # 2...,"
Paola Rojas Bermúdez,USR-317db2cdab,353e97a516c5ef01a701045716ac4625893df7577b030a54c25f04d6f7a55e0f,i******9@example.net,******7155,"Diagonal 1...,"
Daniel Díaz Hernández,USR-325b8411ba,e38fc8ac4592e6cc83583221d91ffde5a465a2e5d79d3bd1f7098d68e06bb54a,r*******7@example.net,********4818,"Transversa...,"
Gladys María Lozano,USR-7332a3fd27,3f754bc1a7f9f27269311ae1297e40fc1d28507599b6caf47bb7c418728ab1ad,h******7@example.com,********5144,"Cr. 151 Su...,"
Alexander Luis Flórez,USR-7e85059b19,24e2b18432e2f02946d927ede5eb9f29060167007ec5587aeddf7841fccf7fac,b**********s@example.net,******9038,"Transversa...,"
Judith Pérez Medina,USR-18ce9afb7f,25b8b22744d31d422a028e70a567097c251a9db35fe346b7e67abba712aa970c,a*******5@example.org,********1873,"Cr. 13 Sur...,"
Mary Contreras Osorio,USR-47d7fc4d73,f1326f083aba4d7236f2e34d6d34f24d369cbc8d96c5c4743aceeeeba3b594eb,o******s@example.com,******4891,"Calle 31R ...,"
Lucía Sandra Meza Ramírez,USR-af2c7fccae,dcbead6bb53ff4f559606573149457b71f67aac2287a2664692a5fa12d154c8a,f***************a@example.com,********9928,"Calle 39 #...,"
Alirio Fernando Cano Maldonado,USR-be3ab34674,c4b962fd675c4ba1142b52e02cc10eca11e716e430031f0047ace2b9d456a9d7,v****z@example.org,******1633,"Avenida Pe...,"
Diana Díaz Garcés,USR-14dcc8f66b,0b1c94bc8d578f111bb6d63afcb71c579c45a0c0cdebda84b5c508d51e90164c,s****z@example.org,********8203,"Cl. 45W # ...,"
Antonio García Salazar,USR-a94f98de43,73a23b2771c1ec4a53c6bb6550ae0f5f5a82face883623947a0ed2dea8102d93,f********z@example.org,********5583,"Carrera 10...,"
Carmen María Ramírez,USR-6a361ff834,02646956471dc800bc3a0e357f47cbd6fd9dbbc0fdfd8167edd8950910a5074b,r***********a@example.net,********3719,"Cl. 52 # 6...,"
Nelson Marín,USR-b3eeed520c,db93abad492198ff04369aebe91c3fbd2230b20a72eb2f257e0f09bb7d191dd3,o*********a@example.net,********4916,"Av. carrer...,"
Lida Margarita Maldonado Sánchez,USR-fd2be106ab,0af395b95ead92888d75ef53052ecae99e028a012b78339bfe9dbdaad0fa6f58,t*********r@example.org,***6160,"Carrera 6ª...,"
María Pérez,USR-47720348ca,f59b37231994f9609c19f1484ec40bb9c37ac426f6fff4e69c5812ce7f4e97ed,t*****o@example.com,******4379,"Avenida ca...,"
Víctor Alexander Reyes Correa,USR-da6caa578f,48483030f7cc559bf73fcee489a6151b6694a74c898203ca82cdad5a20c1dffa,m*******a@example.org,********9996,"Cr. 110 # ...,"
Estela Quiroga Beltrán,USR-98b780ed1b,50287685582d11418e16e69af49900255fc541168201bb6bb609f948b2b3e955,s************z@example.org,********6559,"Cr. 155 # ...,"
Mariana Durán,USR-91a19da5dc,93a98b25510d926017a6c739554c243b4654097c85e23a392382db2db02352d8,f************n@example.com,********1876,"Cr. 23 # 2...,"
José González,USR-f2ccff6e8c,eda960ed7e4c9fbab9592534b6b4a26419ac2164a4f18f90e99e71eac074f32f,m************n@example.org,********9028,"Calle 134W...,"
Alfonso Alvarado,USR-93ca303e3d,c911f8661c5473ade7ac66221786c83c9df7063dd6dbff967d69e8a357f70482,t****n@example.net,********4936,"Cl. 68 # 2...,"
Andrea Martha Pinzón,USR-5874832fa6,e06b36d7afeee6dd6d55595445d5a3c54c92e65433ae21c55e2d65da14897f4a,m*****6@example.org,******0561,"Carrera 64...,"
Nury Morales,USR-4956e23f15,9049a14a546a39fe048c22a6a3d8ba5255ada8d76fc67907d61b93467ee35102,h********a@example.com,********5257,"Avenida ca...,"
Josefina Gutiérrez,USR-656b6196a8,c9e7a760c9bdc70e4eb169b6d434bb9141dabda9f3dbe558ca6833ae4521df58,a****z@example.com,***1992,"Diagonal 7...,"
Isabel Ana Gómez Camacho,USR-c56f8910a1,fadacbb7afd461e20a91359369b33aae439955745ebf6620717a5af8cabf7ee0,e*********6@example.com,******6658,"Carrera 12...,"
Mario Carlos Ruiz Olaya,USR-1c9b22ff68,9e039a5f8d3a00744953ec0b1946053e531d32300921871119a82aac5787f163,m************o@example.org,******5821,"Calle 4ª #...,"
José Zapata Cabrera,USR-aac7d9c9db,6a8005c7684e876b819fe32fb1c2c2fcf21a7dd6c576dc08e0d3c27c8f6be5a3,y******4@example.com,********7221,"Cl. 57 # 4...,"
Paola Garcés Paz,USR-bb8a44838d,14f60ae40028f8afcd462c05da26e2f1c7c24873adb68c89c3236b599366f7ec,j****5@example.com,******5184,"Diagonal 5...,"
José Javier Serna,USR-5292d307c9,18ad020eaa86e5261bfac2cf277cd56385e2db2d99d69d4f98534f781cdd05b2,g******o@example.com,********4214,"Cr. 32W Bi...,"
Adela Herrera,USR-a48f629ad9,c2bd4d51903064b6e14e627ce4ecb7b0faf5fecd6137e5e208bbec4014618cb5,p********9@example.org,********0645,"Calle 19 #...,"
Olga Gloria Rodríguez,USR-66635a8977,6e147f2796a06b25d89e708439ec8ce1982460b8763c2a4575e8b0a8d6912b51,v********z@example.net,********4497,"Carrera 46...,"
Carmen Paula Quiroga Díaz,USR-b081739223,85236dc6bd904c3eb0dd570076c40aecdf1f8ed971556ce8e14a31c553862e6a,a*********6@example.net,********4015,"Avenida ca...,"
Isabel Shirley Rincón González,USR-6c65dbaf7a,c3f3f1e0448a2a392a5e03eee6ff1fa00930062b9b4688d6c7c600a2f07fb0b6,i******a@example.net,********0601,"Cr. 47 # 2...,"
Armando Miguel Angulo Bejarano,USR-be8ff08860,c33dd68e79fa05b40a6a9aba20f846913ca8114020f01ad109a7fb5703e3835d,m*******7@example.net,******5021,"Cr. 62 Bis...,"
Alexis Suárez,USR-025a412496,f2fe64bda50607e46c8b35d8afbf32a5f681b10b4337ef427476472c54e85a19,w*****a@example.org,********0319,"Cl. 1B # 4...,"
María Monsalve,USR-3f7f7a5659,69c595a26e714b2bf8249bd257c55957865000d4e24baa3f979d520a3d5ceee3,a**********a@example.net,********7064,"Cr. 54 # 3...,"
Milton Ronal Gaviria Camargo,USR-aea9ff8ba1,8e06352837811f8847e8ed79088950f2ef453b0a1c88f8aad307bbb5549b7c2b,y*****5@example.net,********4206,"Cl. 65 # 3...,"
Armando Meza Peña,USR-926a793740,9d3b6aae758b1a5ff89bedd84eac22223ae682614c2378573c8caa86d1b305cb,f*****o@example.net,********6549,"Cl. 98 # 1...,"
Humberto Juan Alvarado,USR-c38475dcba,4e3539462f4d37d714ff404aaef3ba74c65030f22fe232c982be17412b4c6546,m*****9@example.net,********5160,"Calle 101 ...,"
Sandra Zuluaga,USR-f54f6dfeb0,5768ef7253702a88da36a61d8942f21dc608ef7be45e8c3d467856718bc8679e,f******o@example.org,******8180,"Cr. 117 # ...,"
Clemencia Lida Burbano,USR-f5c37851a1,f873bc9ef89b93ce98e8c37403e2c62b08c8081f83b593e2b1a52e89a0cd2d2f,g**********r@example.org,********0452,"Cr. 40 # 9...,"
Jaime Esteban Quiroz Camargo,USR-a2b1addbd4,1c2ef329eb650416dc695cbbd0d72cd0e436f0985f2989fabe3f2e1a2cff9e4b,e****z@example.org,******3765,"Cr. 59 Bis...,"
Ángela Mora Hernández,USR-2da8bfbf5d,3f28b2da35df66dd50f23fbb37dcb0ced80d508e627d45e3c8b34f4de5067e70,h***********l@example.net,******0666,"Av. calle ...,"
Ángel González Ramírez,USR-0d4fac9ab2,720435e8d5c0533d171a028037b1bfde586e846b13187a70e1d26851889f5763,t*******2@example.com,********0453,"Cr. 17 # 8...,"
Lizeth Adriana Núñez Serna,USR-30eda782a0,6f195b8cd90a21e0374f0f1ca0aab0164708873838ca712bc00260f1a2b203ae,l*************z@example.org,********7701,"Cr. 4ª # 1...,"
Mario Jorge Quintero Fonseca,USR-424fc6cc12,08c63fb493ea0053b0a21b985dd23ec2cb3b64b9c0fbcb612a3e8bb3f514db0b,r***********o@example.net,********3382,"Carrera 94...,"
Carolina Tatiana Rodríguez Guevara,USR-669182f519,a09f1edb34cf93fa3ca7a248b8e8e18dc25e0178b26b7c85c622dc9dc59f1c29,t*********y@example.org,********9143,"Calle 77 #...,"
Claudia Caballero Castrillón,USR-10b10ea547,329cb4d4850db14ed25592cc4a4f99da2596ee841ab8f73d15841f226f2935bd,a*********5@example.com,********2849,"Carrera 42...,"
Yenny Chávez,USR-275e2e71e9,2e78d54ba669454ee4a1d3a3c50aa61efcf94d53039078f18c9c89acdf42645d,c*********a@example.net,********1185,"Cr. 136 Es...,"
Magnolia Rojas Arango,USR-aab633a665,7a5f18bb7c51df8af586f739f959d3c7dd1565f74f4f884ad4059dc9c38d4492,m***********z@example.com,********8520,"Cr. 60 # 1...,"
Pablo Córdoba Castro,USR-d6917faa9d,93acee212b098752505eca5b63e15271a9991eb3eee210b1d0417f1b540baf8c,e************l@example.net,******2553,"Avenida ca...,"
Santiago Villa,USR-abf2f97f0c,b347c6987cbe706b4b783cc15b338cb8e29b69d45a22c8652f2ba5a47f1f38ab,m*************z@example.com,***6402,"Cr. 33 # 7...,"
Aura Gómez Lozano,USR-2b350a4238,ec27234648114456ce5a2fdfc763d1cbbab2f75e17565db03e45a7a2f1e26f13,f***********z@example.org,********8650,"Avenida Cu...,"
Enrique Ruiz,USR-5612dd1c5a,1cfff58a365d00d48c2828dc0d266901ad30ad4710683af8ff6001dc19fe79c3,a******4@example.com,********9465,"Cl. 100 # ...,"
Katherin Díaz Aguilar,USR-a7268fa12d,7eff6fea4777f87d2829712e23f37c5a6013b4e96824f6f5f20448dca77a3795,i******s@example.com,********9433,"Cr. 77 Bis...,"
Eliecer Giraldo,USR-0be9b48e8b,454bca7758857e5f9abfeef886c394b6de2129bb643d20a53b92340707fbeb5e,l***************a@example.net,********6058,"Carrera 5ª...,"
María Ramírez,USR-19b3580d10,0d7456f779cc6b7a4858f67633646e89d849b72c94c6abbe3ece031e37def0d3,u*****a@example.net,******8966,"Cr. 91I Bi...,"
José Jaime Gil,USR-4ba34d5c1f,d5a1b3627496ef50c2e7505d5f8f357477452945dc0bc00cdf8728bc414868d8,j**********o@example.com,********6342,"Calle 35 E...,"
Leidy Edna Palacio Jiménez,USR-367ab554c8,0b71cb4ba8b9f96e8989f2f549756bb38add3d5e56b172eda2a15f1d00885802,v***********a@example.net,********5674,"Carrera 15...,"
Carmen Gutiérrez Camacho,USR-4d8a1abafa,dc177857d5aef20a87f1086e051d33abaa6326a86162f6576983404a33d1e1be,s***o@example.net,********5265,"Cl. 35 # 2...,"
Carol Paulina Olaya Montoya,USR-a58cab4d22,0427ef9b5940b07546f00c063b36aee8f174efa683636fa17b8123b6e67d713b,r***********a@example.net,********6212,"Av. Girald...,"
Cecilia Ximena Lara,USR-48d163b490,2dcdfd884fb5f7993f41f415c1f048ef9beea816be977277e2ca29cebf45aa8a,m*******e@example.org,***4148,"Avenida ca...,"
Isabel Guerrero,USR-588876b1e8,669c16458ac82d9e44603e538e2b82bd27e10f6aca23f0b87a65b65cec609b76,p*****l@example.org,********9428,"Carrera 23...,"
Deyanira Tatiana González,USR-89345313da,708905a888db33079bb5cb39d0a9f42fbbf13f8edc1b1004c73117e6db5fdc8b,r*******a@example.org,********2258,"Avenida ca...,"
Catalina Lorena Acosta Romero,USR-c23a3a3849,51fcc12e5fd2f231b65e001e853f6258dbe912e5fe19e54424eafc4cbb3029f5,j*****0@example.net,******5176,"Cl. 140I B...,"
Juan Cristian Contreras Cardona,USR-cd6bede552,dc09c5140cc32c5770cbf65d34a66ae6aec73300e8b0ad9473dc7542f4e9aeab,h*****o@example.com,******9669,"Av. Pienda...,"
Ricardo Granados Velásquez,USR-a9003f2189,88bd4f73981068bcccd1b53d164e015ee5e6003dc6cb7e765fddc7103324f360,d*****o@example.org,******0439,"Calle 24D ...,"
Rocío María Rodríguez,USR-c4a3de4ed8,dce58606df15dcdb3b3dfa5a6d128f8857592106a1bbdd3659466dfcbacf4a57,k****z@example.net,********1513,"Cr. 54 # 2...,"
Jader Niño Cifuentes,USR-42fbac082b,cf6ab723eac7c84cc239949c9974b63ae089733f0302a1562c7f2238202911f7,p********d@example.org,********8629,"Transversa...,"
Jorge Bautista López,USR-99c70d47b8,5cb88b75c1bc4bf46232dea810c1b8cd620fa51da726b0a0ea7e2e82a0de8b56,g******a@example.com,******6364,"Carrera 39...,"
Julián Torres Beltrán,USR-860c786de6,d85efb419043ddff26c2c4716d8054e35af89dab983532563342aaac66ee1493,c************s@example.org,********4982,"Calle 74 #...,"
Marina Bonilla Villamizar,USR-ba280213a0,ca11b29e1faa7b8014922cec60989d8566017381657ef8c2e1f7c541eb2aab8d,y***********z@example.org,********2111,"Avenida ca...,"
Reinel Uribe Díaz,USR-18734af60e,948a6dac85d501aba50af6a5ff5c53dc5405702c2b244370e100c1d2a26704fe,g***********a@example.com,******1796,"Av. Casana...,"
Fredy Armando Márquez,USR-30ae11279e,9e1d16d37ffe1c379ba4f75ba4dae97e0a8a394c73de1c80c39d6197266afff2,m************a@example.net,******0359,"Avenida ca...,"
Jhon Alirio Mejía,USR-20b7561115,94bdf63fc55b2a2575099c82687a5908a99c71143fd9d24791583e6158eca2f4,m**********o@example.net,********8714,"Av. Juan P...,"
Fabián Velandia,USR-0e512b2cd2,a154beaaa68a94efbf9c70e42ddf174cc95faf6e2a1b23360066e31f82302064,n******7@example.com,********6133,"Cl. 146X E...,"
Diana Ana Jiménez Medina,USR-57f98e1824,7b43c05dbb7859f00851738b73b0d66c2ba6c45a46da6b17165c4199363a0d5a,o****z@example.net,********3342,"Cr. 54 # 3...,"
Emilia Duarte,USR-4bebf36f02,83257bfabe77f4212ce9ebb448fc913d307de82bb1837f88255396bc845b2d29,j**********z@example.com,********2507,"Calle 112W...,"
María Carolina Ramírez,USR-f32bcb0553,1b837133a20f3a19ee9a7bf580d36e9a0ea391aa2a3819a2a35e56855061ef64,j*****1@example.com,********6391,"Avenida Ch...,"
Enrique Óscar Carrillo,USR-a2fde4fa7d,ff5fea57b9c2cacd4f7ae7211b8ad530559a5d43defe2b3a614c23124582dcc8,b******5@example.net,********8781,"Carrera 28...,"
Albeiro César Sánchez,USR-287f4e3734,6193f9b2829a91007b91977b262aefb9833a2c292bb07eac58c8ed4e270f7fb5,a****9@example.com,********4743,"Cl. 7ª # 9...,"
Martha Diana Ramos Ortega,USR-5643d4d5be,0f0487ed3f106fc67a577c9b142608fb9bd842af25d640ba3767b313632eba19,l******4@example.com,********9664,"Tr. 21N # ...,"
Erika Yaneth Pérez Castro,USR-6bd20d98c6,f59ab1eaa2e0091db33868d865ed1a8dcbb4369978f6ee673fc8d06772c897f7,o******o@example.com,********7736,"Cr. 90 # 7...,"
Janeth María López Cuéllar,USR-0ae0868718,99404aef574bc2055e98847e26e6f37a86093c8dacd4c27b67f9a9d108188576,a******4@example.net,********6140,"Calle 42 #...,"
Fernando Jesús Martínez Mosquera,USR-f891deb8f1,79f78dec205bd780bf78d61392f6d5445ee60cbb3597435cea8775ebabd17781,t********s@example.net,********3764,"Avenida Mé...,"
Luz Marcela Castillo Mora,USR-bea3f3daf1,8e77f0ca7a132dd72ea0488cfdee795921851c133ad5ffb95cd22cad161eb266,k********s@example.com,******1745,"Carrera 30...,"
Inés Franco Ruiz,USR-c70b0e4c27,9e79843de91f6c3b9084d1acdab0b504f54cb5a18b248cf8e073ce1076deb3af,j***********n@example.net,******7571,"Avenida ca...,"
Dairo Martínez,USR-4803c368e2,bfd621b31e8bd8435e7e33320bb994cc1e0609b90eb756ae39c0dcab0dbecde6,h********s@example.org,********8160,"Cr. 93 # 6...,"
Óscar Óscar García Córdoba,USR-f0ae58212b,3f34da56aa12de9601cd7310d2a9d9e071cffff6a4284e9df451da38b0286df0,w**********o@example.org,******9203,"Calle 5A #...,"
Hugo Pérez,USR-955699e84e,63fed401471a728817b0625faed991040d4c7c8cd9344f35396fd13ef19172a8,r***********a@example.net,********9967,"Carrera 69...,"
Antonio Eder Vallejo Rojas,USR-bde77dcf81,5386add8974b441f05bd47c3f4a1fa514428f2bdeffdcbede3d8efa6a3aec6a3,t******o@example.org,********5015,"Avenida Fl...,"
Eduard Andrés Peña Reyes,USR-0dc4087282,26b8c47726b32e126a532bd7c25f53cb60791efbfe8fce85fe15b586dab36d20,h******o@example.net,********5122,"Carrera 45...,"
Yésica Ligia Burbano Ospina,USR-96b8127d1b,195cf7079e98dc283f50bf570cb86d8f9fa8b98214e5c8c4bfd4c70b97a7693b,j*****6@example.net,********7989,"Calle 161G...,"
Adriana Luz Rincón Galvis,USR-8a5eb55995,e595f224559dd1b8349438bc33146b3c92c2b4a01e62a15829e140a8be2d8c90,j************o@example.com,********4702,"Carrera 11...,"
Dario Fernando Castro,USR-313fba0c64,6606c7c594c825446124aa971d150e105042bcd0527f50d7b573d048db8e4729,m**********o@example.org,********0015,"Cl. 83 # 6...,"
Ernesto Vera,USR-4aaafe75dc,96138ac8100a795a31695b2fa1811e301d7a7341673e68353f66a6f65a87cbf7,g****s@example.org,******5410,"Av. Diana ...,"
María Martínez Sandoval,USR-32a7d904ce,3a7d73b99cb42525bbd2e55ec5aacf57b858b5aeadf1469cccc9ac8e6d189b5c,c*****a@example.com,********4309,"Cl. 136M #...,"
Giovanny Rodríguez Hernández,USR-bfd927513e,58ccbb777a7ac2d4f1fbcc6b7f7ef68a66515a4721c85fcfb6142be55def14e5,c*********s@example.com,********3339,"Calle 124Q...,"
Germán Enrique Ramos Benítez,USR-aea88b35de,e897a0ab4c84a706f7dc67a7b35eeab4d7ebd34d1ef263011a4a7649882bfecb,f**********o@example.org,********5697,"Avenida ca...,"
Ángela Zapata,USR-4eea1f3fef,efb09f8f072bf85dc94592ac83b06a6da3bee854a5da42f798ee374f6284c7b4,c*****0@example.com,********8295,"Carrera 6M...,"
Helena Camacho,USR-89a3c1fc7c,511aff2b576b7a1c3be8e854268c12687788bfc79d83eae395a8ed3764614f3d,m***********a@example.com,********6491,"Cl. 120P #...,"
Paola Granados González,USR-d1bbd55c94,db80de4090becec1b22778509a2ee30f0c6d9085bb4c68d5916deb7e028dc5fc,b*****z@example.net,********3460,"Calle 57 B...,"
Antonio Forero Maldonado,USR-a7394b00ae,0cb650a662787c66e86a506baac6014328a066291bcaf09425618d91a2b739cf,v******z@example.net,********8804,"Calle 98 S...,"
Nury Mercedes Ramírez Castro,USR-360205d744,835da5b14b6b18fd1bd3f5fb7715e7f21b83186b767fe3f588f3141f42f9f150,s*******5@example.net,********5143,"Av. carrer...,"
Carmen Silva Guevara,USR-91a6f33b4a,c39195b1516497e0eb342d46ef47ffc50fc23614367f34a601f7f60b7b38a564,w*******z@example.net,********5000,"Av. carrer...,"
Sebastián Morales Rincón,USR-5f4e434cb5,6e077802fd709247c024b2a069ceaf4ca65c3490107b7d5b31244c09e15820d7,m********s@example.net,***3106,"Carrera 49...,"
Johanna García Ojeda,USR-445773efa4,05f02d477a85c4c8b6a886f89eca18b0020b50510abb678efc1671ff1bb3f3a5,l***a@example.net,********9337,"Cr. 119 # ...,"
Edith Sindy Romero Restrepo,USR-03bfe64342,aa4aa02ec25291a0eaf66c446693e67d1c30eb6da3644f8c215b9c4af6e0dea5,i************o@example.org,******3369,"Carrera 9F...,"
Javier Valencia,USR-7e706c4640,a821fecba2f4e5099447b1636df4541417769995f3a53b82aff162d67f430e60,i***a@example.com,********4788,"Tr. 8K Sur...,"
Juan Osvaldo Benavides,USR-94c5e6f288,11d48dbe18031da06ab0e9d7d71d7badeda74b8d389e8877fa0d10abc00ec5a8,w*****o@example.net,********1514,"Av. Fonsec...,"
Rocío Osorio Duarte,USR-f96251cab8,76106f0d800c3af267fbb873b38aaaa0bec69bc8bf794ca1a08a0de60028b3ca,c******7@example.net,********7872,"Carrera 47...,"
Luz Cortés Murcia,USR-afd3c478aa,76026878c6a6881880c801836173cfe6275520397206ba6cf2fdf248dc2cc9ac,l*********l@example.com,******2522,"Carrera 11...,"
Edison Quintero Vergara,USR-c3f660c057,02497461bdefef85834bde65f55ee0509af1cb65506d19d8109bc27409cfd807,o************a@example.net,********3465,"Transversa...,"
Marcela Rosa Suárez Vega,USR-4a7e38ba41,158ea608d164fe6952a8efbe84a690e413ae0b485b556745caa309adc2d51476,a************n@example.com,********4878,"Carrera 7ª...,"
María Tatiana Gaviria,USR-72c3746c28,f0d06da64c85fd834a7c7604c26108fb1dbd837492e964f76bb308ac8ef7c85a,h******9@example.org,********3019,"Cl. 9ª # 7...,"
Andrea Martha Montes Henao,USR-e84737bcbc,78bf4641326adf0deb963eb7905faf2012bfb6d92f71e39de1bc0ce3bc716886,a******6@example.net,********6749,"Avenida Ch...,"
Anderson Carlos Muñoz Moreno,USR-ef9fd67d49,87153bb0efe802efeb23e7288f00ff2a6e0fc664541cb104bb16382999081979,h******4@example.org,******6729,"Cr. 49 # 4...,"
Enrique Andrés Castillo Miranda,USR-7375af0e47,d1dcdc2b0487c27b0c2625a45004880f40a108c2faecdf9ac8d424ea2e2b61bb,u********z@example.org,********7126,"Cl. 22 # 3...,"
María Agudelo Ospino,USR-be105e8a0b,fbaade2b38a05054d884619dd21125f1bd4b5a62bc78fa1d68445046c3589799,a************o@example.com,********6102,"Dg. 5D Est...,"
Alexandra Angie Puentes Bermúdez,USR-e745d11efb,1cbc1c393f637ce3f4618e9e854156a537e398a066a9327c3d505d65239e0f0f,k***a@example.com,********7093,"Cr. 40 # 4...,"
Saúl David Arias,USR-a6243ba378,f2bee2fcdfd224277497dde2b3afdcbeabb2baaeb97f875098d4c1566be44cfd,a***********z@example.org,********4371,"Cl. 18M # ...,"
Juan Andrés García Franco,USR-615efab29b,858bcda8453c77c93c3c2597f30f0b986c7778d737327009befc03ba7ddbd333,i*****z@example.com,********3757,"Av. carrer...,"
Daniel Vera Arias,USR-dddec79375,02d8270074148c0bb40d64e9a5d1233e9aa3090ed868046ee4f7f4a46f8898a1,m************a@example.org,********1462,"Cr. 4J # 9...,"
Leonardo Castañeda Velasco,USR-32c7dc7281,d2b46e7c53cdfd0df4ee80eeae56aa13583d102e8bbe16d48ed4f6af78afe922,m*******s@example.org,********5084,"Cl. 31 # 3...,"
Brayan Hernando Muñoz Ruiz,USR-f9f24486d2,bc7bef52723b739f99e774b109c544ae4649f29c0f0fbd2cddaf136299b70d7c,r********z@example.com,********9984,"Avenida ca...,"
Juan Jonathan Delgado,USR-2906849b06,bca5c14fbcb6d926477512a100e671165cecc09398f2a6551c63f0c55f9bd042,m******2@example.net,********3852,"Avenida ca...,"
Luz Esperanza Ramírez,USR-4e7f4c03bb,d23fa12754ca09c09796b3edc861f24615d536e02e86f2e3666563d38f6697ad,m*******a@example.net,******1279,"Av. carrer...,"
Gloria Cristina Caro Orozco,USR-359cec3601,dcf1491a4f554e9a1254372020bfcd91e27c0487b43da40022a4a8d361e18701,l********r@example.org,******1066,"Carrera 2ª...,"
Mónica Vargas Martínez,USR-908a5d89ca,443406a7fa503babee8ac266d60c3de77f17c790bee21752819f7f05f42e6002,f******6@example.net,******2489,"Calle 5ª #...,"
Ángela Patricia Ordóñez Cardona,USR-079061520f,be593a5ddee2dfd34eb4901287e5bba6eb3f7e1e0174bc98f4585ac8c0b22d51,c*********y@example.org,********0040,"Cr. 9ª # 5...,"
Patricia Inés Salamanca,USR-99f79dede5,6c85ac8f3c87772da37f81789069e14a726200d8f6439eca3d8e722cdde32233,l*******a@example.net,********7519,"Avenida ca...,"
Alexandra Aguilar,USR-5676b6c8bb,aee5c8062c936ec94a02f1b0eee4956371cd97ccb9c493f4b3b714c3d0a93c39,m********z@example.org,******6800,"Carrera 98...,"
